{
  "metrics": {
    "http_req_receiving": {
      "type": "trend",
      "contains": "time",
      "values": {
        "p(95)": 8.063524999999998,
        "avg": 1.1816910843373487,
        "min": 0,
        "med": 0,
        "max": 52.0145,
        "p(90)": 2.57369
      }
    },
    "iteration_duration": {
      "type": "trend",
      "contains": "time",
      "values": {
        "max": 5705.9044,
        "p(90)": 5338.6772,
        "p(95)": 5403.59856,
        "avg": 3792.2663293172677,
        "min": 2268.6815,
        "med": 3447.2213
      }
    },
    "http_req_duration{expected_response:true}": {
      "contains": "time",
      "values": {
        "min": 84.2165,
        "med": 102.48495,
        "max": 909.7909,
        "p(90)": 132.26133,
        "p(95)": 163.01423,
        "avg": 111.79891662650589
      },
      "type": "trend"
    },
    "http_req_sending": {
      "type": "trend",
      "contains": "time",
      "values": {
        "p(95)": 1.3381549999999998,
        "avg": 0.561868674698796,
        "min": 0,
        "med": 0.55385,
        "max": 25.2798,
        "p(90)": 1.01874
      }
    },
    "vus_max": {
      "contains": "default",
      "values": {
        "value": 50,
        "min": 50,
        "max": 50
      },
      "type": "gauge"
    },
    "orders_created": {
      "type": "counter",
      "contains": "default",
      "values": {
        "count": 276,
        "rate": 4.038232416042208
      }
    },
    "checks": {
      "type": "rate",
      "contains": "default",
      "values": {
        "rate": 1,
        "passes": 830,
        "fails": 0
      }
    },
    "http_req_blocked": {
      "type": "trend",
      "contains": "time",
      "values": {
        "med": 0,
        "max": 192.5418,
        "p(90)": 0,
        "p(95)": 0,
        "avg": 3.3319685542168678,
        "min": 0
      }
    },
    "data_sent": {
      "type": "counter",
      "contains": "data",
      "values": {
        "count": 361466,
        "rate": 5288.709124989538
      }
    },
    "data_received": {
      "type": "counter",
      "contains": "data",
      "values": {
        "count": 716127,
        "rate": 10477.852410880645
      }
    },
    "http_req_waiting": {
      "type": "trend",
      "contains": "time",
      "values": {
        "p(90)": 131.52878,
        "p(95)": 161.05477999999994,
        "avg": 110.05535686746974,
        "min": 83.1342,
        "med": 100.62785,
        "max": 908.2814
      }
    },
    "http_req_failed": {
      "thresholds": {
        "rate<0.1": {
          "ok": true
        }
      },
      "type": "rate",
      "contains": "default",
      "values": {
        "fails": 830,
        "rate": 0,
        "passes": 0
      }
    },
    "http_reqs": {
      "type": "counter",
      "contains": "default",
      "values": {
        "count": 830,
        "rate": 12.143959801866059
      }
    },
    "errors": {
      "thresholds": {
        "rate<0.1": {
          "ok": true
        }
      },
      "type": "rate",
      "contains": "default",
      "values": {
        "rate": 0,
        "passes": 0,
        "fails": 276
      }
    },
    "vus": {
      "type": "gauge",
      "contains": "default",
      "values": {
        "value": 28,
        "min": 1,
        "max": 28
      }
    },
    "http_req_tls_handshaking": {
      "type": "trend",
      "contains": "time",
      "values": {
        "avg": 1.92948313253012,
        "min": 0,
        "med": 0,
        "max": 84.7594,
        "p(90)": 0,
        "p(95)": 0
      }
    },
    "iterations": {
      "type": "counter",
      "contains": "default",
      "values": {
        "count": 249,
        "rate": 3.6431879405598178
      }
    },
    "http_req_connecting": {
      "type": "trend",
      "contains": "time",
      "values": {
        "min": 0,
        "med": 0,
        "max": 114.5416,
        "p(90)": 0,
        "p(95)": 0,
        "avg": 1.34845843373494
      }
    },
    "http_req_duration": {
      "type": "trend",
      "contains": "time",
      "values": {
        "avg": 111.79891662650589,
        "min": 84.2165,
        "med": 102.48495,
        "max": 909.7909,
        "p(90)": 132.26133,
        "p(95)": 163.01423
      },
      "thresholds": {
        "p(99)<5000": {
          "ok": true
        },
        "p(95)<2000": {
          "ok": true
        }
      }
    }
  },
  "root_group": {
    "checks": [
      {
        "name": "order created (status 201)",
        "path": "::order created (status 201)",
        "id": "1f88bfc77e61a96cdffb779ddda30e8d",
        "passes": 277,
        "fails": 0
      },
      {
        "name": "order response has id",
        "path": "::order response has id",
        "id": "564e4c9f72314dc4768b80d864db873a",
        "passes": 277,
        "fails": 0
      },
      {
        "name": "order items created (status 201)",
        "path": "::order items created (status 201)",
        "id": "16a7cfa5bfad71cd140d2d6504439110",
        "passes": 276,
        "fails": 0
      }
    ],
    "name": "",
    "path": "",
    "id": "d41d8cd98f00b204e9800998ecf8427e",
    "groups": []
  },
  "options": {
    "summaryTrendStats": [
      "avg",
      "min",
      "med",
      "max",
      "p(90)",
      "p(95)"
    ],
    "summaryTimeUnit": "",
    "noColor": false
  },
  "state": {
    "isStdOutTTY": true,
    "isStdErrTTY": true,
    "testRunDurationMs": 68346.7348
  }
}